,,Weight,Intialization Range,,
,,0.01,0.1,1,5
Lamda,0,0.162090506,0.158568393,0.034115424,62.55168819
Values,1.00E-07,235.5003976,0.136628045,378.4240013,47.22335431
,1.00E-05,235.6487538,0.159672404,0.164980947,46.98897843
,1,235.8954652,14.9658355,14.96583706,26.84899186
,2,61.27520167,26.15656395,37.36328886,27.63669984
