,,,"Given a weight initialization of weights from -1,1",,,,
,,,X value range,,,,
,,,0.25,0.5,1,5,10
RMS,Lamda,0,0.737673007,0.786666522,1.038165968,3.069887342,1.204622319
Values,Values,1.00E-07,0.777294061,0.913043794,0.953103277,4.585439855,4.414605467
,,1.00E-05,0.721696679,0.798095848,0.891632775,3.194572138,4.373623431
,,0.1,0.725271958,0.808494371,1.017371973,2.172448307,2.165217435
,,1,1.043673286,0.766362569,0.953448262,1.860910208,1.88837185
