,,Weight,Intialization Range,,
,,0.01,0.1,1,5
Lamda,0,505.4220501,0.206168495,0.175922029,0.34002951
Values,1.00E-07,504.9825601,0.098228075,0.573018187,0.252978845
,1.00E-05,505.6396972,0.070467459,0.134942858,0.118509727
,1,5.903099213,5.909907129,5.876425063,5.912604373
,2,10.28928978,10.33984828,10.29301519,10.37660083
