,,,Weight,Intialization Range,,
,,,0.01,0.1,1,5
Lamda,0,413.7353728,346.9140498,18.16932405,1440.443447,
Values,1.00E-07,409.709834,416.87315,783.8926762,16.02863499,
,1.00E-05,411.3052826,412.799831,8.945614819,12.84623514,
,1,415.3204037,410.7869921,22.20419324,28.66092658,
,2,413.6708272,413.36464,535.0354319,31.60796891,
