,,,X value range,,,,
,,,0.25,0.5,1,5,10
RMS,Lamda,0,1.1223445,1.214278549,1.506531037,3.501514328,4.492447776
Values,Values,1.00E-07,1.142805243,1.299989903,1.543127296,3.23733626,4.070018631
,,1.00E-05,1.191504167,1.20040659,1.573056815,3.276120874,4.205872808
,,0.1,1.120646385,1.252531308,1.508777268,1.964315507,3.147540182
,,1,1.15780962,1.235110466,1.471767515,2.702249117,3.177349933
