,,,X value range,,,,
,,,0.25,0.5,1,5,10
RMS,Lamda,0,1.132050337,1.175754568,1.374852489,1.466055669,1.744523748
Values,Values,1.00E-07,1.419812222,1.18295433,1.243188929,3.365596156,7.511822454
,,1.00E-05,1.146462922,1.172557433,1.24764366,1.586718072,1.297349116
,,0.1,1.133143906,1.122028487,1.197780976,1.999372412,1.181972306
,,1,1.13778418,1.185820459,1.326938307,1.712649935,2.098659212
