,,,X value range,,,,
,,,0.25,0.5,1,5,10
RMS,Lamda,0,0.354391554,0.763496056,0.894614267,0.91766569,1.659167315
Values,Values,1.00E-07,0.520426512,0.706869115,0.434513469,0.742838914,0.713625212
,,1.00E-05,0.522064223,0.445628186,0.439830864,0.44523326,0.67074528
,,0.1,0.691526897,0.475108708,0.491487442,0.970681322,0.89719669
,,1,0.478478042,0.8528511,0.575582456,0.975972991,1.065856804
