,,Weight,Intialization Range,,
,,0.01,0.1,1,5
Lamda,0,425.3329972,420.8553543,0.345328071,0.252701825
Values,1.00E-07,420.4192373,424.8522123,0.307345621,22.09749797
,1.00E-05,425.2717029,418.3536752,16.44914562,2945.84675
,1,425.4200831,24.77321772,16.03794289,15.88767771
,2,424.8878338,32.32992893,32.62926623,4456.025189
